{"v":"5.6.2","fr":60,"ip":0,"op":84,"w":1000,"h":1000,"nm":"Icons-02","ddd":0,"assets":[{"id":"comp_0","layers":[{"ddd":0,"ind":1,"ty":4,"nm":"konus 2","sr":1,"ks":{"o":{"a":0,"k":100,"ix":11},"r":{"a":0,"k":0,"ix":10},"p":{"a":0,"k":[305.371,695.369,0],"ix":2},"a":{"a":0,"k":[9.965,9.91,0],"ix":1},"s":{"a":0,"k":[896,896,100],"ix":6}},"ao":0,"shapes":[{"ty":"gr","it":[{"ty":"gr","it":[{"ind":0,"ty":"sh","ix":1,"ks":{"a":0,"k":{"i":[[0,0],[-5.45,-0.82],[0,0],[3.33,4.53],[0.622,3.281]],"o":[[2.6,12.07],[0,0],[-6.31,-1.34],[-1.959,-2.705],[0,0]],"v":[[-9.715,-6.24],[6.195,9.66],[9.715,8.27],[-4.795,-0.57],[-8.715,-9.66]],"c":true},"ix":2},"nm":"Path 2","mn":"ADBE Vector Shape - Group","hd":false},{"ty":"tr","p":{"a":0,"k":[0,0],"ix":2},"a":{"a":0,"k":[0,0],"ix":1},"s":{"a":0,"k":[100,100],"ix":3},"r":{"a":0,"k":0,"ix":6},"o":{"a":0,"k":100,"ix":7},"sk":{"a":0,"k":0,"ix":4},"sa":{"a":0,"k":0,"ix":5},"nm":"Transform"}],"nm":"Group 1","np":1,"cix":2,"bm":0,"ix":1,"mn":"ADBE Vector Group","hd":false},{"ty":"gf","o":{"a":0,"k":100,"ix":10},"r":1,"bm":0,"g":{"p":3,"k":{"a":0,"k":[0,0.659,0.376,1,0.499,0.8,0.32,0.91,0.998,0.941,0.263,0.82],"ix":9}},"s":{"a":0,"k":[2.009,4.129],"ix":5},"e":{"a":0,"k":[-10.937,-6.362],"ix":6},"t":1,"nm":"Gradient Fill 1","mn":"ADBE Vector Graphic - G-Fill","hd":false},{"ty":"tr","p":{"a":0,"k":[9.965,9.91],"ix":2},"a":{"a":0,"k":[0,0],"ix":1},"s":{"a":0,"k":[100,100],"ix":3},"r":{"a":0,"k":0,"ix":6},"o":{"a":0,"k":100,"ix":7},"sk":{"a":0,"k":0,"ix":4},"sa":{"a":0,"k":0,"ix":5},"nm":"Transform"}],"nm":"Group 1","np":2,"cix":2,"bm":0,"ix":1,"mn":"ADBE Vector Group","hd":false}],"ip":0,"op":902.4,"st":0,"bm":0},{"ddd":0,"ind":2,"ty":4,"nm":"konus 1","sr":1,"ks":{"o":{"a":0,"k":100,"ix":11},"r":{"a":0,"k":0,"ix":10},"p":{"a":0,"k":[253.786,759.52,0],"ix":2},"a":{"a":0,"k":[11.01,11.79,0],"ix":1},"s":{"a":0,"k":[896,896,100],"ix":6}},"ao":0,"shapes":[{"ty":"gr","it":[{"ty":"gr","it":[{"ind":0,"ty":"sh","ix":1,"ks":{"a":0,"k":{"i":[[0,0],[0,0],[1.51,5.84]],"o":[[0,0],[-9.81,-2.061],[0,0]],"v":[[-10.76,11.54],[10.76,3.071],[-4.32,-11.54]],"c":true},"ix":2},"nm":"Path 2","mn":"ADBE Vector Shape - Group","hd":false},{"ty":"tr","p":{"a":0,"k":[0,0],"ix":2},"a":{"a":0,"k":[0,0],"ix":1},"s":{"a":0,"k":[100,100],"ix":3},"r":{"a":0,"k":0,"ix":6},"o":{"a":0,"k":100,"ix":7},"sk":{"a":0,"k":0,"ix":4},"sa":{"a":0,"k":0,"ix":5},"nm":"Transform"}],"nm":"Group 1","np":1,"cix":2,"bm":0,"ix":1,"mn":"ADBE Vector Group","hd":false},{"ty":"gf","o":{"a":0,"k":100,"ix":10},"r":1,"bm":0,"g":{"p":3,"k":{"a":0,"k":[0,0.659,0.376,1,0.499,0.8,0.32,0.91,0.998,0.941,0.263,0.82],"ix":9}},"s":{"a":0,"k":[2.009,4.129],"ix":5},"e":{"a":0,"k":[-7.143,-3.906],"ix":6},"t":1,"nm":"Gradient Fill 1","mn":"ADBE Vector Graphic - G-Fill","hd":false},{"ty":"tr","p":{"a":0,"k":[11.01,11.79],"ix":2},"a":{"a":0,"k":[0,0],"ix":1},"s":{"a":0,"k":[100,100],"ix":3},"r":{"a":0,"k":0,"ix":6},"o":{"a":0,"k":100,"ix":7},"sk":{"a":0,"k":0,"ix":4},"sa":{"a":0,"k":0,"ix":5},"nm":"Transform"}],"nm":"Group 1","np":2,"cix":2,"bm":0,"ix":1,"mn":"ADBE Vector Group","hd":false}],"ip":0,"op":902.4,"st":0,"bm":0},{"ddd":0,"ind":3,"ty":4,"nm":"konus 3","sr":1,"ks":{"o":{"a":0,"k":100,"ix":11},"r":{"a":0,"k":0,"ix":10},"p":{"a":0,"k":[377.254,625.523,0],"ix":2},"a":{"a":0,"k":[16.43,15.835,0],"ix":1},"s":{"a":0,"k":[896,896,100],"ix":6}},"ao":0,"shapes":[{"ty":"gr","it":[{"ty":"gr","it":[{"ind":0,"ty":"sh","ix":1,"ks":{"a":0,"k":{"i":[[0,0],[-8.69,-1.61],[0,0],[0.213,0.011],[1.495,0.493],[3.776,3.5],[0.2,4.81]],"o":[[1.28,11.79],[0,0],[-0.213,0.011],[-1.575,-0.031],[-4.858,-1.704],[-6.48,-5.781],[0,0]],"v":[[-16.18,-3.585],[3.18,15.585],[16.18,10.465],[15.54,10.465],[10.91,9.675],[-2.18,1.785],[-12.83,-15.585]],"c":true},"ix":2},"nm":"Path 2","mn":"ADBE Vector Shape - Group","hd":false},{"ty":"gf","o":{"a":0,"k":100,"ix":10},"r":1,"bm":0,"g":{"p":3,"k":{"a":0,"k":[0,0.659,0.376,1,0.499,0.8,0.32,0.91,0.998,0.941,0.263,0.82],"ix":9}},"s":{"a":0,"k":[2.009,4.129],"ix":5},"e":{"a":0,"k":[-12.277,-8.147],"ix":6},"t":1,"nm":"Gradient Fill 1","mn":"ADBE Vector Graphic - G-Fill","hd":false},{"ty":"tr","p":{"a":0,"k":[0,0],"ix":2},"a":{"a":0,"k":[0,0],"ix":1},"s":{"a":0,"k":[100,100],"ix":3},"r":{"a":0,"k":0,"ix":6},"o":{"a":0,"k":100,"ix":7},"sk":{"a":0,"k":0,"ix":4},"sa":{"a":0,"k":0,"ix":5},"nm":"Transform"}],"nm":"Group 1","np":2,"cix":2,"bm":0,"ix":1,"mn":"ADBE Vector Group","hd":false},{"ty":"tr","p":{"a":0,"k":[16.43,15.835],"ix":2},"a":{"a":0,"k":[0,0],"ix":1},"s":{"a":0,"k":[100,100],"ix":3},"r":{"a":0,"k":0,"ix":6},"o":{"a":0,"k":100,"ix":7},"sk":{"a":0,"k":0,"ix":4},"sa":{"a":0,"k":0,"ix":5},"nm":"Transform"}],"nm":"Group 1","np":1,"cix":2,"bm":0,"ix":1,"mn":"ADBE Vector Group","hd":false}],"ip":0,"op":902.4,"st":0,"bm":0},{"ddd":0,"ind":4,"ty":4,"nm":"konus inside","sr":1,"ks":{"o":{"a":0,"k":100,"ix":11},"r":{"a":0,"k":0,"ix":10},"p":{"a":0,"k":[409.147,577.699,0],"ix":2},"a":{"a":0,"k":[18.091,15.802,0],"ix":1},"s":{"a":0,"k":[896,896,100],"ix":6}},"ao":0,"shapes":[{"ty":"gr","it":[{"ty":"gr","it":[{"ind":0,"ty":"sh","ix":1,"ks":{"a":0,"k":{"i":[[1.031,-1.037],[-8.48,-7.52],[-4.747,-1.67],[-1.58,1.818],[1.7,3.831],[3.82,3.277],[4.519,0],[0.133,0]],"o":[[-3.351,3.75],[3.69,3.422],[3.999,1.25],[1.58,-1.821],[-2.197,-4.527],[-5.999,-5.38],[-0.134,-0.01],[-1.451,0]],"v":[[-14.49,-13.938],[-5.189,6.583],[7.6,14.303],[16.26,13.484],[16.081,4.792],[6.96,-7.038],[-10.208,-15.538],[-10.609,-15.553]],"c":true},"ix":2},"nm":"Path 2","mn":"ADBE Vector Shape - Group","hd":false},{"ty":"tr","p":{"a":0,"k":[0,0],"ix":2},"a":{"a":0,"k":[0,0],"ix":1},"s":{"a":0,"k":[100,100],"ix":3},"r":{"a":0,"k":0,"ix":6},"o":{"a":0,"k":100,"ix":7},"sk":{"a":0,"k":0,"ix":4},"sa":{"a":0,"k":0,"ix":5},"nm":"Transform"}],"nm":"Group 1","np":1,"cix":2,"bm":0,"ix":1,"mn":"ADBE Vector Group","hd":false},{"ty":"gf","o":{"a":0,"k":100,"ix":10},"r":1,"bm":0,"g":{"p":3,"k":{"a":0,"k":[0.002,0.576,0.271,0.659,0.591,0.706,0.267,0.716,1,0.835,0.263,0.773],"ix":9}},"s":{"a":0,"k":[-4.911,3.795],"ix":5},"e":{"a":0,"k":[5.134,-5.357],"ix":6},"t":1,"nm":"Gradient Fill 1","mn":"ADBE Vector Graphic - G-Fill","hd":false},{"ty":"tr","p":{"a":0,"k":[18.091,15.803],"ix":2},"a":{"a":0,"k":[0,0],"ix":1},"s":{"a":0,"k":[100,100],"ix":3},"r":{"a":0,"k":0,"ix":6},"o":{"a":0,"k":100,"ix":7},"sk":{"a":0,"k":0,"ix":4},"sa":{"a":0,"k":0,"ix":5},"nm":"Transform"}],"nm":"Group 1","np":2,"cix":2,"bm":0,"ix":1,"mn":"ADBE Vector Group","hd":false}],"ip":0,"op":902.4,"st":0,"bm":0}]}],"layers":[{"ddd":0,"ind":1,"ty":4,"nm":"worm 1","sr":1,"ks":{"o":{"a":1,"k":[{"i":{"x":[0.667],"y":[1]},"o":{"x":[0.333],"y":[0]},"t":14.402,"s":[0]},{"t":21.602734375,"s":[100]}],"ix":11},"r":{"a":0,"k":0,"ix":10},"p":{"a":1,"k":[{"i":{"x":0,"y":1},"o":{"x":0.333,"y":0},"t":11.999,"s":[441.228,602.661,0],"to":[22.167,-9.5,0],"ti":[-22.167,9.5,0]},{"t":59.99921875,"s":[574.228,545.661,0]}],"ix":2},"a":{"a":0,"k":[8.829,7.079,0],"ix":1},"s":{"a":1,"k":[{"i":{"x":[0.093,0.093,0.667],"y":[1,1,1]},"o":{"x":[0.538,0.538,0.333],"y":[0,0,0]},"t":11.999,"s":[0,0,100]},{"t":33.602734375,"s":[896,896,100]}],"ix":6}},"ao":0,"shapes":[{"ty":"gr","it":[{"ind":0,"ty":"sh","ix":1,"ks":{"a":0,"k":{"i":[[1.227,-1.191],[-0.12,-1.82],[0.611,-0.913],[0,0],[0.125,-0.568],[-0.557,-0.134],[-0.671,0.007],[-1.369,1.738],[0.042,1.477],[-0.925,0.884],[-1.556,-0.545],[-0.219,0.553],[0.553,0.218],[0.747,0]],"o":[[-1.318,1.261],[0.08,1.096],[-1.6,2.27],[-0.57,-0.11],[-0.125,0.56],[0.659,0.132],[2.209,0.134],[0.834,-1.22],[-0.136,-1.273],[1.174,-1.157],[0.553,0.218],[0.218,-0.552],[-0.725,-0.266],[-1.653,0]],"v":[[-7.802,-12.083],[-9.693,-7.223],[-10.513,-4.123],[-16.033,-2.644],[-17.283,-1.823],[-16.503,-0.573],[-14.504,-0.384],[-8.793,-2.943],[-7.573,-7.093],[-6.323,-10.513],[-1.863,-11.513],[-0.468,-12.118],[-1.073,-13.513],[-3.298,-13.908]],"c":true},"ix":2},"nm":"Path 2","mn":"ADBE Vector Shape - Group","hd":false},{"ty":"gf","o":{"a":0,"k":100,"ix":10},"r":1,"bm":0,"g":{"p":3,"k":{"a":0,"k":[0,1,0.882,0.349,0.5,1,0.78,0.333,1,1,0.678,0.318],"ix":9}},"s":{"a":0,"k":[-9.208,7.087],"ix":5},"e":{"a":0,"k":[7.31,-5.525],"ix":6},"t":1,"nm":"Gradient Fill 1","mn":"ADBE Vector Graphic - G-Fill","hd":false},{"ty":"tr","p":{"a":0,"k":[8.829,7.079],"ix":2},"a":{"a":0,"k":[0,0],"ix":1},"s":{"a":0,"k":[100,100],"ix":3},"r":{"a":0,"k":0,"ix":6},"o":{"a":0,"k":100,"ix":7},"sk":{"a":0,"k":0,"ix":4},"sa":{"a":0,"k":0,"ix":5},"nm":"Transform"}],"nm":"Group 1","np":2,"cix":2,"bm":0,"ix":1,"mn":"ADBE Vector Group","hd":false}],"ip":4.8,"op":901.5,"st":4.8,"bm":0},{"ddd":0,"ind":2,"ty":4,"nm":"worm 2","sr":1,"ks":{"o":{"a":1,"k":[{"i":{"x":[0.667],"y":[1]},"o":{"x":[0.333],"y":[0]},"t":9.602,"s":[0]},{"t":16.802734375,"s":[100]}],"ix":11},"r":{"a":1,"k":[{"i":{"x":[0],"y":[1]},"o":{"x":[0.333],"y":[0]},"t":16.803,"s":[20]},{"t":40.802734375,"s":[0]}],"ix":10},"p":{"a":1,"k":[{"i":{"x":0,"y":1},"o":{"x":0.333,"y":0},"t":7.199,"s":[387.73,646.897,0],"to":[32.167,-102.232,0],"ti":[-32.167,69.667,0]},{"t":55.19921875,"s":[580.73,228.897,0]}],"ix":2},"a":{"a":0,"k":[3.028,8.566,0],"ix":1},"s":{"a":1,"k":[{"i":{"x":[0.093,0.093,0.667],"y":[1,1,1]},"o":{"x":[0.538,0.538,0.333],"y":[0,0,0]},"t":7.199,"s":[0,0,100]},{"t":28.802734375,"s":[896,896,100]}],"ix":6}},"ao":0,"shapes":[{"ty":"gr","it":[{"ind":0,"ty":"sh","ix":1,"ks":{"a":0,"k":{"i":[[0.042,-0.005],[0.09,-2.074],[-1.122,-1.051],[-0.146,-0.846],[0,0],[-0.025,-0.419],[-0.585,0.035],[-0.162,0.1],[0.48,3.51],[0.915,0.888],[-0.067,1],[-1.129,0.383],[0.051,0.444],[0.531,0]],"o":[[-1.97,0.654],[-0.075,1.536],[0.632,0.581],[0.291,2.121],[-0.372,0.193],[0.035,0.584],[0.191,0.003],[0.16,-0.09],[-0.2,-1.26],[-0.765,-0.648],[0.01,-1.192],[0.399,-0.201],[-0.065,-0.539],[-0.041,0]],"v":[[-2.26,-16.819],[-5.68,-12.289],[-4.03,-8.209],[-2.83,-6.009],[-5.21,-2.229],[-5.782,-1.223],[-4.66,-0.229],[-4.12,-0.379],[-0.73,-6.259],[-2.449,-9.569],[-3.56,-12.189],[-1.66,-14.819],[-1.082,-15.891],[-2.134,-16.826]],"c":true},"ix":2},"nm":"Path 2","mn":"ADBE Vector Shape - Group","hd":false},{"ty":"gf","o":{"a":0,"k":100,"ix":10},"r":1,"bm":0,"g":{"p":5,"k":{"a":0,"k":[0,0.953,0.318,0.706,0.235,0.969,0.384,0.565,0.47,0.984,0.451,0.424,0.735,0.965,0.363,0.608,1,0.945,0.275,0.792],"ix":9}},"s":{"a":0,"k":[4.799,-1.451],"ix":5},"e":{"a":0,"k":[-2.567,-1.339],"ix":6},"t":1,"nm":"Gradient Fill 2","mn":"ADBE Vector Graphic - G-Fill","hd":false},{"ty":"tr","p":{"a":0,"k":[3.028,8.51],"ix":2},"a":{"a":0,"k":[0,0],"ix":1},"s":{"a":0,"k":[100,100],"ix":3},"r":{"a":0,"k":0,"ix":6},"o":{"a":0,"k":100,"ix":7},"sk":{"a":0,"k":0,"ix":4},"sa":{"a":0,"k":0,"ix":5},"nm":"Transform"}],"nm":"Group 1","np":2,"cix":2,"bm":0,"ix":1,"mn":"ADBE Vector Group","hd":false}],"ip":0,"op":901.5,"st":0,"bm":0},{"ddd":0,"ind":3,"ty":4,"nm":"worm 3","sr":1,"ks":{"o":{"a":1,"k":[{"i":{"x":[0.667],"y":[1]},"o":{"x":[0.333],"y":[0]},"t":24.002,"s":[0]},{"t":31.202734375,"s":[100]}],"ix":11},"r":{"a":1,"k":[{"i":{"x":[0],"y":[1]},"o":{"x":[0.333],"y":[0]},"t":31.203,"s":[-20]},{"t":55.202734375,"s":[0]}],"ix":10},"p":{"a":1,"k":[{"i":{"x":0,"y":1},"o":{"x":0.333,"y":0},"t":21.599,"s":[457.447,621.384,0],"to":[73,-15.5,0],"ti":[-73,15.5,0]},{"t":60.0015625,"s":[895.447,528.384,0]}],"ix":2},"a":{"a":0,"k":[10.422,3.838,0],"ix":1},"s":{"a":1,"k":[{"i":{"x":[0.093,0.093,0.667],"y":[1,1,1]},"o":{"x":[0.538,0.538,0.333],"y":[0,0,0]},"t":21.599,"s":[0,0,100]},{"t":43.202734375,"s":[896,896,100]}],"ix":6}},"ao":0,"shapes":[{"ty":"gr","it":[{"ind":0,"ty":"sh","ix":1,"ks":{"a":0,"k":{"i":[[0.3,-0.044],[0.93,-1.548],[1.003,-0.372],[0,0],[0.027,0.028],[0.392,-0.39],[-0.387,-0.437],[-3.2,0],[-0.556,0.201],[-0.798,1.28],[-1.231,0.157],[-0.847,-1.354],[-0.432,0.154],[0.196,0.552],[2.125,-0.001]],"o":[[-1.789,0.241],[-0.543,0.922],[-2.63,0.879],[-0.023,-0.03],[-0.388,-0.391],[-0.431,0.394],[0.12,0.141],[0.59,-0.005],[1.421,-0.501],[0.58,-1.097],[1.579,-0.244],[0.281,0.365],[0.552,-0.196],[-1.135,-1.847],[-0.297,0]],"v":[[-6.606,-7.36],[-10.906,-4.53],[-13.296,-2.53],[-18.636,-4.59],[-18.712,-4.676],[-20.126,-4.68],[-20.206,-3.181],[-14.336,-0.25],[-12.605,-0.56],[-9.176,-3.31],[-6.286,-5.31],[-2.287,-3.48],[-1.09,-3.126],[-0.446,-4.48],[-5.71,-7.425]],"c":true},"ix":2},"nm":"Path 2","mn":"ADBE Vector Shape - Group","hd":false},{"ty":"gf","o":{"a":0,"k":100,"ix":10},"r":1,"bm":0,"g":{"p":3,"k":{"a":0,"k":[0,0.353,0.988,0.69,0.5,0.327,0.908,0.792,1,0.302,0.827,0.894],"ix":9}},"s":{"a":0,"k":[-6.529,0.614],"ix":5},"e":{"a":0,"k":[6.641,-2.623],"ix":6},"t":1,"nm":"Gradient Fill 1","mn":"ADBE Vector Graphic - G-Fill","hd":false},{"ty":"tr","p":{"a":0,"k":[10.422,3.838],"ix":2},"a":{"a":0,"k":[0,0],"ix":1},"s":{"a":0,"k":[100,100],"ix":3},"r":{"a":0,"k":0,"ix":6},"o":{"a":0,"k":100,"ix":7},"sk":{"a":0,"k":0,"ix":4},"sa":{"a":0,"k":0,"ix":5},"nm":"Transform"}],"nm":"Group 1","np":2,"cix":2,"bm":0,"ix":1,"mn":"ADBE Vector Group","hd":false}],"ip":14.4,"op":901.5,"st":14.4,"bm":0},{"ddd":0,"ind":4,"ty":4,"nm":"worm 4","sr":1,"ks":{"o":{"a":1,"k":[{"i":{"x":[0.667],"y":[1]},"o":{"x":[0.333],"y":[0]},"t":9.602,"s":[0]},{"t":16.802734375,"s":[100]}],"ix":11},"r":{"a":1,"k":[{"i":{"x":[0],"y":[1]},"o":{"x":[0.333],"y":[0]},"t":7,"s":[-20]},{"t":40.802734375,"s":[0]}],"ix":10},"p":{"a":1,"k":[{"i":{"x":0,"y":1},"o":{"x":0.333,"y":0},"t":7.199,"s":[465.739,631.992,0],"to":[53.667,29.5,0],"ti":[-53.667,-29.5,0]},{"t":55.19921875,"s":[787.739,808.992,0]}],"ix":2},"a":{"a":0,"k":[10.029,4.128,0],"ix":1},"s":{"a":1,"k":[{"i":{"x":[0.093,0.093,0.667],"y":[1,1,1]},"o":{"x":[0.538,0.538,0.333],"y":[0,0,0]},"t":7.199,"s":[0,0,100]},{"t":28.802734375,"s":[896,896,100]}],"ix":6}},"ao":0,"shapes":[{"ty":"gr","it":[{"ind":0,"ty":"sh","ix":1,"ks":{"a":0,"k":{"i":[[0.157,-0.083],[-0.272,-0.518],[-4.141,0.06],[-1.069,1.048],[-1.109,-0.243],[-0.613,-1.643],[-0.451,-0.002],[-0.115,0.041],[0.176,0.539],[2.474,0.503],[1.238,-1.253],[1.008,-0.017],[0,0],[0.024,0.046],[0.381,0]],"o":[[-0.519,0.272],[0.09,0.21],[1.495,-0.012],[0.741,-0.859],[1.714,0.369],[0.146,0.429],[0.124,0.002],[0.531,-0.194],[-0.861,-2.372],[-1.722,-0.368],[-0.693,0.731],[-2.76,0],[-0.017,-0.05],[-0.189,-0.361],[-0.166,0]],"v":[[-19.089,-7.883],[-19.535,-6.452],[-13.164,-1.552],[-9.165,-3.202],[-6.164,-4.202],[-2.426,-0.972],[-1.426,-0.252],[-1.065,-0.311],[-0.426,-1.623],[-5.795,-6.252],[-10.545,-4.832],[-13.205,-3.662],[-17.595,-7.292],[-17.658,-7.437],[-18.597,-8.005]],"c":true},"ix":2},"nm":"Path 2","mn":"ADBE Vector Shape - Group","hd":false},{"ty":"gf","o":{"a":0,"k":100,"ix":10},"r":1,"bm":0,"g":{"p":3,"k":{"a":0,"k":[0,0.941,0.271,0.804,0.5,0.965,0.363,0.61,1,0.988,0.455,0.416],"ix":9}},"s":{"a":0,"k":[-8.873,-2.985],"ix":5},"e":{"a":0,"k":[9.403,7.059],"ix":6},"t":1,"nm":"Gradient Fill 1","mn":"ADBE Vector Graphic - G-Fill","hd":false},{"ty":"tr","p":{"a":0,"k":[10.029,4.128],"ix":2},"a":{"a":0,"k":[0,0],"ix":1},"s":{"a":0,"k":[100,100],"ix":3},"r":{"a":0,"k":0,"ix":6},"o":{"a":0,"k":100,"ix":7},"sk":{"a":0,"k":0,"ix":4},"sa":{"a":0,"k":0,"ix":5},"nm":"Transform"}],"nm":"Group 1","np":2,"cix":2,"bm":0,"ix":1,"mn":"ADBE Vector Group","hd":false}],"ip":0,"op":901.5,"st":0,"bm":0},{"ddd":0,"ind":5,"ty":4,"nm":"line 3","sr":1,"ks":{"o":{"a":1,"k":[{"i":{"x":[0.667],"y":[1]},"o":{"x":[0.333],"y":[0]},"t":16.802,"s":[0]},{"t":24.002734375,"s":[100]}],"ix":11},"r":{"a":1,"k":[{"i":{"x":[0],"y":[1]},"o":{"x":[0.333],"y":[0]},"t":24.003,"s":[-20]},{"t":48.002734375,"s":[0]}],"ix":10},"p":{"a":1,"k":[{"i":{"x":0,"y":1},"o":{"x":0.333,"y":0},"t":14.399,"s":[372.417,630,0],"to":[80.667,-39,0],"ti":[-80.667,39,0]},{"t":62.00078125,"s":[815.417,364,0]}],"ix":2},"a":{"a":0,"k":[0.223,0.126,0],"ix":1},"s":{"a":1,"k":[{"i":{"x":[0.093,0.093,0.667],"y":[1,1,1]},"o":{"x":[0.538,0.538,0.333],"y":[0,0,0]},"t":14.399,"s":[0,0,100]},{"t":36.002734375,"s":[896,896,100]}],"ix":6}},"ao":0,"shapes":[{"ty":"gr","it":[{"ind":0,"ty":"sh","ix":1,"ks":{"a":0,"k":{"i":[[0.199,-0.168],[0,0],[-0.001,-0.347],[-0.585,0.002],[-0.174,0.126],[0,0],[-0.049,0.042],[0.377,0.447],[0.302,0]],"o":[[0,0],[-0.286,0.199],[0.003,0.586],[0.216,0.003],[0,0],[0.057,-0.032],[0.447,-0.377],[-0.21,-0.249],[-0.241,0]],"v":[[-2.122,-6.894],[-8.891,-2.183],[-9.347,-1.309],[-8.282,-0.253],[-7.682,-0.443],[-0.912,-5.163],[-0.754,-5.274],[-0.627,-6.767],[-1.439,-7.144]],"c":true},"ix":2},"nm":"Path 2","mn":"ADBE Vector Shape - Group","hd":false},{"ty":"gf","o":{"a":0,"k":100,"ix":10},"r":1,"bm":0,"g":{"p":3,"k":{"a":0,"k":[0,0.941,0.271,0.808,0.5,0.965,0.365,0.608,1,0.988,0.459,0.408],"ix":9}},"s":{"a":0,"k":[-3.683,2.581],"ix":5},"e":{"a":0,"k":[4.785,-3.599],"ix":6},"t":1,"nm":"Gradient Fill 1","mn":"ADBE Vector Graphic - G-Fill","hd":false},{"ty":"tr","p":{"a":0,"k":[4.799,3.697],"ix":2},"a":{"a":0,"k":[0,0],"ix":1},"s":{"a":0,"k":[100,100],"ix":3},"r":{"a":0,"k":0,"ix":6},"o":{"a":0,"k":100,"ix":7},"sk":{"a":0,"k":0,"ix":4},"sa":{"a":0,"k":0,"ix":5},"nm":"Transform"}],"nm":"Group 1","np":2,"cix":2,"bm":0,"ix":1,"mn":"ADBE Vector Group","hd":false}],"ip":7.2,"op":901.5,"st":7.2,"bm":0},{"ddd":0,"ind":6,"ty":4,"nm":"line 2","sr":1,"ks":{"o":{"a":1,"k":[{"i":{"x":[0.667],"y":[1]},"o":{"x":[0.333],"y":[0]},"t":9.602,"s":[0]},{"t":16.802734375,"s":[100]}],"ix":11},"r":{"a":1,"k":[{"i":{"x":[0],"y":[1]},"o":{"x":[0.333],"y":[0]},"t":16.803,"s":[20]},{"t":40.802734375,"s":[0]}],"ix":10},"p":{"a":1,"k":[{"i":{"x":0,"y":1},"o":{"x":0.333,"y":0},"t":7.199,"s":[377.751,634.321,0],"to":[37,-41.333,0],"ti":[-42,44.333,0]},{"t":55,"s":[628.751,357.321,0]}],"ix":2},"a":{"a":0,"k":[-0.238,0.482,0],"ix":1},"s":{"a":1,"k":[{"i":{"x":[0.093,0.093,0.667],"y":[1,1,1]},"o":{"x":[0.538,0.538,0.333],"y":[0,0,0]},"t":7.199,"s":[0,0,100]},{"t":28.802734375,"s":[896,896,100]}],"ix":6}},"ao":0,"shapes":[{"ty":"gr","it":[{"ind":0,"ty":"sh","ix":1,"ks":{"a":0,"k":{"i":[[0.205,-0.303],[0,0],[0.001,-0.002],[-0.504,-0.286],[-0.184,-0.002],[-0.189,0.33],[0,0],[0.437,0.296],[0.205,0]],"o":[[0,0],[-0.002,0.003],[-0.287,0.505],[0.156,0.097],[0.379,0],[0,0],[0.232,-0.476],[-0.182,-0.123],[-0.34,0]],"v":[[-2.312,-8.061],[-5.902,-1.841],[-5.906,-1.833],[-5.512,-0.401],[-4.992,-0.25],[-4.072,-0.782],[-0.482,-7],[-0.84,-8.345],[-1.433,-8.527]],"c":true},"ix":2},"nm":"Path 2","mn":"ADBE Vector Shape - Group","hd":false},{"ty":"gf","o":{"a":0,"k":100,"ix":10},"r":1,"bm":0,"g":{"p":3,"k":{"a":0,"k":[0,0.306,0.831,0.886,0.5,0.327,0.904,0.794,1,0.349,0.976,0.702],"ix":9}},"s":{"a":0,"k":[2.595,-3.125],"ix":5},"e":{"a":0,"k":[-2.79,4.381],"ix":6},"t":1,"nm":"Gradient Fill 1","mn":"ADBE Vector Graphic - G-Fill","hd":false},{"ty":"tr","p":{"a":0,"k":[3.222,4.389],"ix":2},"a":{"a":0,"k":[0,0],"ix":1},"s":{"a":0,"k":[100,100],"ix":3},"r":{"a":0,"k":0,"ix":6},"o":{"a":0,"k":100,"ix":7},"sk":{"a":0,"k":0,"ix":4},"sa":{"a":0,"k":0,"ix":5},"nm":"Transform"}],"nm":"Group 1","np":2,"cix":2,"bm":0,"ix":1,"mn":"ADBE Vector Group","hd":false}],"ip":0,"op":901.5,"st":0,"bm":0},{"ddd":0,"ind":7,"ty":4,"nm":"line 1","sr":1,"ks":{"o":{"a":1,"k":[{"i":{"x":[0.667],"y":[1]},"o":{"x":[0.333],"y":[0]},"t":21.602,"s":[0]},{"t":28.802734375,"s":[100]}],"ix":11},"r":{"a":1,"k":[{"i":{"x":[0],"y":[1]},"o":{"x":[0.333],"y":[0]},"t":28.803,"s":[2]},{"t":52.802734375,"s":[0]}],"ix":10},"p":{"a":1,"k":[{"i":{"x":0,"y":1},"o":{"x":0.333,"y":0},"t":19.199,"s":[368,633,0],"to":[13.833,-40.333,0],"ti":[-13.833,40.333,0]},{"t":62,"s":[434,353,0]}],"ix":2},"a":{"a":0,"k":[-0.146,0.428,0],"ix":1},"s":{"a":1,"k":[{"i":{"x":[0.093,0.093,0.667],"y":[1,1,1]},"o":{"x":[0.538,0.538,0.333],"y":[0,0,0]},"t":19.199,"s":[0,0,100]},{"t":40.802734375,"s":[896,896,100]}],"ix":6}},"ao":0,"shapes":[{"ty":"gr","it":[{"ty":"gr","it":[{"ty":"tr","p":{"a":0,"k":[0,0],"ix":2},"a":{"a":0,"k":[0,0],"ix":1},"s":{"a":0,"k":[100,100],"ix":3},"r":{"a":0,"k":0,"ix":6},"o":{"a":0,"k":100,"ix":7},"sk":{"a":0,"k":0,"ix":4},"sa":{"a":0,"k":0,"ix":5},"nm":"Transform"}],"nm":"Group 1","np":0,"cix":2,"bm":0,"ix":1,"mn":"ADBE Vector Group","hd":false},{"ind":1,"ty":"sh","ix":2,"ks":{"a":0,"k":{"i":[[0.059,-0.544],[0,0],[-0.58,-0.068],[0,0],[-0.062,0.546],[0,0],[0.584,0.064],[0.038,0]],"o":[[0,0],[-0.059,0.581],[0,0],[0.549,0.013],[0,0],[0.063,-0.582],[-0.038,-0.004],[-0.535,0]],"v":[[-2.423,-8.143],[-3.193,-1.433],[-2.253,-0.263],[-2.133,-0.263],[-1.053,-1.203],[-0.313,-7.913],[-1.254,-9.083],[-1.369,-9.089]],"c":true},"ix":2},"nm":"Path 2","mn":"ADBE Vector Shape - Group","hd":false},{"ty":"gf","o":{"a":0,"k":100,"ix":10},"r":1,"bm":0,"g":{"p":3,"k":{"a":0,"k":[0,0.655,0.478,1,0.5,0.494,0.631,1,1,0.333,0.784,1],"ix":9}},"s":{"a":0,"k":[0.293,-3.697],"ix":5},"e":{"a":0,"k":[-0.781,4.743],"ix":6},"t":1,"nm":"Gradient Fill 1","mn":"ADBE Vector Graphic - G-Fill","hd":false},{"ty":"tr","p":{"a":0,"k":[1.751,4.669],"ix":2},"a":{"a":0,"k":[0,0],"ix":1},"s":{"a":0,"k":[100,100],"ix":3},"r":{"a":0,"k":0,"ix":6},"o":{"a":0,"k":100,"ix":7},"sk":{"a":0,"k":0,"ix":4},"sa":{"a":0,"k":0,"ix":5},"nm":"Transform"}],"nm":"Group 1","np":3,"cix":2,"bm":0,"ix":1,"mn":"ADBE Vector Group","hd":false}],"ip":12,"op":901.5,"st":12,"bm":0},{"ddd":0,"ind":8,"ty":4,"nm":"circle 2","sr":1,"ks":{"o":{"a":1,"k":[{"i":{"x":[0.667],"y":[1]},"o":{"x":[0.333],"y":[0]},"t":14.402,"s":[0]},{"t":21.602734375,"s":[100]}],"ix":11},"r":{"a":1,"k":[{"i":{"x":[0],"y":[1]},"o":{"x":[0.333],"y":[0]},"t":21.603,"s":[20]},{"t":45.602734375,"s":[0]}],"ix":10},"p":{"a":1,"k":[{"i":{"x":0,"y":1},"o":{"x":0.333,"y":0},"t":11.999,"s":[339.187,588.937,0],"to":[70.167,-64.333,0],"ti":[-70.167,64.333,0]},{"t":59.99921875,"s":[760.187,202.937,0]}],"ix":2},"a":{"a":0,"k":[-226.102,-160.92,0],"ix":1},"s":{"a":1,"k":[{"i":{"x":[0.093,0.093,0.667],"y":[1,1,1]},"o":{"x":[0.538,0.538,0.333],"y":[0,0,0]},"t":11.999,"s":[0,0,100]},{"t":33.602734375,"s":[125.32,125.32,100]}],"ix":6}},"ao":0,"shapes":[{"ty":"gr","it":[{"d":1,"ty":"el","s":{"a":0,"k":[87.875,87.875],"ix":2},"p":{"a":0,"k":[0,0],"ix":3},"nm":"Ellipse Path 1","mn":"ADBE Vector Shape - Ellipse","hd":false},{"ty":"gs","o":{"a":0,"k":100,"ix":9},"w":{"a":0,"k":15,"ix":10},"g":{"p":3,"k":{"a":0,"k":[0,0.651,0.478,1,0.5,0.494,0.629,1,1,0.337,0.78,1],"ix":8}},"s":{"a":0,"k":[-44.039,8.774],"ix":4},"e":{"a":0,"k":[50.598,-5.199],"ix":5},"t":1,"lc":1,"lj":1,"ml":4,"ml2":{"a":0,"k":4,"ix":13},"bm":0,"nm":"Gradient Stroke 1","mn":"ADBE Vector Graphic - G-Stroke","hd":false},{"ty":"tr","p":{"a":0,"k":[-226.102,-160.92],"ix":2},"a":{"a":0,"k":[0,0],"ix":1},"s":{"a":0,"k":[98.2,98.2],"ix":3},"r":{"a":0,"k":0,"ix":6},"o":{"a":0,"k":100,"ix":7},"sk":{"a":0,"k":0,"ix":4},"sa":{"a":0,"k":0,"ix":5},"nm":"Transform"}],"nm":"Ellipse 1","np":3,"cix":2,"bm":0,"ix":1,"mn":"ADBE Vector Group","hd":false}],"ip":4.8,"op":901.5,"st":4.8,"bm":0},{"ddd":0,"ind":9,"ty":4,"nm":"circle 3","sr":1,"ks":{"o":{"a":1,"k":[{"i":{"x":[0.667],"y":[1]},"o":{"x":[0.333],"y":[0]},"t":9.602,"s":[0]},{"t":16.802734375,"s":[100]}],"ix":11},"r":{"a":1,"k":[{"i":{"x":[0],"y":[1]},"o":{"x":[0.333],"y":[0]},"t":16.803,"s":[-20]},{"t":40.802734375,"s":[0]}],"ix":10},"p":{"a":1,"k":[{"i":{"x":0,"y":1},"o":{"x":0.333,"y":0},"t":7.199,"s":[342.938,595.438,0],"to":[50.333,4.833,0],"ti":[-50.333,-4.833,0]},{"t":55.19921875,"s":[644.938,624.438,0]}],"ix":2},"a":{"a":0,"k":[-231.688,-173.688,0],"ix":1},"s":{"a":1,"k":[{"i":{"x":[0.093,0.093,0.667],"y":[1,1,1]},"o":{"x":[0.538,0.538,0.333],"y":[0,0,0]},"t":7.199,"s":[0,0,100]},{"t":28.802734375,"s":[77.525,77.525,100]}],"ix":6}},"ao":0,"shapes":[{"ty":"gr","it":[{"d":1,"ty":"el","s":{"a":0,"k":[87.875,87.875],"ix":2},"p":{"a":0,"k":[0,0],"ix":3},"nm":"Ellipse Path 1","mn":"ADBE Vector Shape - Ellipse","hd":false},{"ty":"gs","o":{"a":0,"k":100,"ix":9},"w":{"a":0,"k":26,"ix":10},"g":{"p":3,"k":{"a":0,"k":[0,0.651,0.482,1,0.5,0.494,0.631,1,1,0.337,0.78,1],"ix":8}},"s":{"a":0,"k":[-42.414,28.276],"ix":4},"e":{"a":0,"k":[47.348,-23.888],"ix":5},"t":1,"lc":1,"lj":1,"ml":4,"ml2":{"a":0,"k":4,"ix":13},"bm":0,"nm":"Gradient Stroke 1","mn":"ADBE Vector Graphic - G-Stroke","hd":false},{"ty":"tr","p":{"a":0,"k":[-231.688,-173.688],"ix":2},"a":{"a":0,"k":[0,0],"ix":1},"s":{"a":0,"k":[100,100],"ix":3},"r":{"a":0,"k":0,"ix":6},"o":{"a":0,"k":100,"ix":7},"sk":{"a":0,"k":0,"ix":4},"sa":{"a":0,"k":0,"ix":5},"nm":"Transform"}],"nm":"Ellipse 1","np":3,"cix":2,"bm":0,"ix":1,"mn":"ADBE Vector Group","hd":false}],"ip":0,"op":901.5,"st":0,"bm":0},{"ddd":0,"ind":10,"ty":4,"nm":"circle 1","sr":1,"ks":{"o":{"a":1,"k":[{"i":{"x":[0.667],"y":[1]},"o":{"x":[0.333],"y":[0]},"t":19.202,"s":[0]},{"t":26.402734375,"s":[100]}],"ix":11},"r":{"a":1,"k":[{"i":{"x":[0],"y":[1]},"o":{"x":[0.333],"y":[0]},"t":26.403,"s":[20]},{"t":50.402734375,"s":[0]}],"ix":10},"p":{"a":1,"k":[{"i":{"x":0,"y":1},"o":{"x":0.333,"y":0},"t":16.799,"s":[337.188,587.438,0],"to":[-11.833,-44.167,0],"ti":[11.833,44.167,0]},{"t":64.79921875,"s":[266.188,322.438,0]}],"ix":2},"a":{"a":0,"k":[-231.688,-173.688,0],"ix":1},"s":{"a":1,"k":[{"i":{"x":[0.093,0.093,0.667],"y":[1,1,1]},"o":{"x":[0.538,0.538,0.333],"y":[0,0,0]},"t":16.799,"s":[0,0,100]},{"t":38.402734375,"s":[102.56,102.56,100]}],"ix":6}},"ao":0,"shapes":[{"ty":"gr","it":[{"d":1,"ty":"el","s":{"a":0,"k":[87.875,87.875],"ix":2},"p":{"a":0,"k":[0,0],"ix":3},"nm":"Ellipse Path 1","mn":"ADBE Vector Shape - Ellipse","hd":false},{"ty":"gs","o":{"a":0,"k":100,"ix":9},"w":{"a":0,"k":18,"ix":10},"g":{"p":3,"k":{"a":0,"k":[0,0.306,0.831,0.886,0.5,0.327,0.908,0.79,1,0.349,0.984,0.694],"ix":8}},"s":{"a":0,"k":[-42.414,28.276],"ix":4},"e":{"a":0,"k":[47.348,-23.888],"ix":5},"t":1,"lc":1,"lj":1,"ml":4,"ml2":{"a":0,"k":4,"ix":13},"bm":0,"nm":"Gradient Stroke 1","mn":"ADBE Vector Graphic - G-Stroke","hd":false},{"ty":"tr","p":{"a":0,"k":[-231.688,-173.688],"ix":2},"a":{"a":0,"k":[0,0],"ix":1},"s":{"a":0,"k":[100,100],"ix":3},"r":{"a":0,"k":0,"ix":6},"o":{"a":0,"k":100,"ix":7},"sk":{"a":0,"k":0,"ix":4},"sa":{"a":0,"k":0,"ix":5},"nm":"Transform"}],"nm":"Ellipse 1","np":3,"cix":2,"bm":0,"ix":1,"mn":"ADBE Vector Group","hd":false}],"ip":9.6,"op":901.5,"st":9.6,"bm":0},{"ddd":0,"ind":11,"ty":4,"nm":"up 2","td":1,"sr":1,"ks":{"o":{"a":0,"k":100,"ix":11},"r":{"a":0,"k":0,"ix":10},"p":{"s":true,"x":{"a":1,"k":[{"i":{"x":[0.09],"y":[1.701]},"o":{"x":[0.27],"y":[0.309]},"t":23.203,"s":[416.264]},{"t":52.0015625,"s":[311.264]}],"ix":3},"y":{"a":1,"k":[{"i":{"x":[0.979],"y":[1]},"o":{"x":[0.021],"y":[0]},"t":23.203,"s":[177.075]},{"t":52.0015625,"s":[177.075]}],"ix":4}},"a":{"a":0,"k":[16.355,4.825,0],"ix":1},"s":{"a":0,"k":[896,896,100],"ix":6}},"ao":0,"shapes":[{"ty":"gr","it":[{"ty":"gr","it":[{"ind":0,"ty":"sh","ix":1,"ks":{"a":1,"k":[{"i":{"x":0.204,"y":1},"o":{"x":0.333,"y":0},"t":18.4,"s":[{"i":[[0,0],[0,0],[0,0],[0,0]],"o":[[0,0],[0,0],[0,0],[0,0]],"v":[[-16.362,4.827],[-16.36,4.836],[-16.36,-4.814],[-16.355,-4.825]],"c":true}]},{"t":52.0015625,"s":[{"i":[[0,0],[0,0],[0,0],[0,0]],"o":[[0,0],[0,0],[0,0],[0,0]],"v":[[-16.355,4.825],[16.355,4.825],[16.355,-4.825],[-16.355,-4.825]],"c":true}]}],"ix":2},"nm":"Path 3","mn":"ADBE Vector Shape - Group","hd":false},{"ty":"tr","p":{"a":0,"k":[0,0],"ix":2},"a":{"a":0,"k":[0,0],"ix":1},"s":{"a":0,"k":[100,100],"ix":3},"r":{"a":0,"k":0,"ix":6},"o":{"a":0,"k":100,"ix":7},"sk":{"a":0,"k":0,"ix":4},"sa":{"a":0,"k":0,"ix":5},"nm":"Transform"}],"nm":"Group 1","np":1,"cix":2,"bm":0,"ix":1,"mn":"ADBE Vector Group","hd":false},{"ty":"fl","c":{"a":0,"k":[0.95294123888,0.95294123888,0.956862807274,1],"ix":4},"o":{"a":0,"k":100,"ix":5},"r":1,"bm":0,"nm":"Fill 1","mn":"ADBE Vector Graphic - Fill","hd":false},{"ty":"tr","p":{"a":0,"k":[16.355,4.825],"ix":2},"a":{"a":0,"k":[0,0],"ix":1},"s":{"a":0,"k":[100,100],"ix":3},"r":{"a":0,"k":0,"ix":6},"o":{"a":0,"k":100,"ix":7},"sk":{"a":0,"k":0,"ix":4},"sa":{"a":0,"k":0,"ix":5},"nm":"Transform"}],"nm":"Group 1","np":2,"cix":2,"bm":0,"ix":1,"mn":"ADBE Vector Group","hd":false}],"ip":18.4,"op":901.5,"st":18.4,"bm":0},{"ddd":0,"ind":12,"ty":4,"nm":"up","tt":1,"sr":1,"ks":{"o":{"a":0,"k":100,"ix":11},"r":{"a":0,"k":0,"ix":10},"p":{"s":true,"x":{"a":1,"k":[{"i":{"x":[0.09],"y":[1.701]},"o":{"x":[0.27],"y":[0.309]},"t":23.203,"s":[416.264]},{"t":52.0015625,"s":[311.264]}],"ix":3},"y":{"a":1,"k":[{"i":{"x":[0.979],"y":[1]},"o":{"x":[0.021],"y":[0]},"t":23.203,"s":[177.075]},{"t":52.0015625,"s":[177.075]}],"ix":4}},"a":{"a":0,"k":[16.355,4.825,0],"ix":1},"s":{"a":0,"k":[896,896,100],"ix":6}},"ao":0,"shapes":[{"ty":"gr","it":[{"ind":0,"ty":"sh","ix":1,"ks":{"a":0,"k":{"i":[[-2.519,0],[0,0],[0,-2.518],[0,0],[2.518,0],[0,0],[0,2.518],[0,0]],"o":[[0,0],[2.518,0],[0,0],[0,2.518],[0,0],[-2.519,0],[0,0],[0,-2.518]],"v":[[-11.795,-4.825],[11.795,-4.825],[16.355,-0.265],[16.355,0.265],[11.795,4.825],[-11.795,4.825],[-16.355,0.265],[-16.355,-0.265]],"c":true},"ix":2},"nm":"Path 1","mn":"ADBE Vector Shape - Group","hd":false},{"ty":"gr","it":[{"ty":"tr","p":{"a":0,"k":[0,0],"ix":2},"a":{"a":0,"k":[0,0],"ix":1},"s":{"a":0,"k":[100,100],"ix":3},"r":{"a":0,"k":0,"ix":6},"o":{"a":0,"k":100,"ix":7},"sk":{"a":0,"k":0,"ix":4},"sa":{"a":0,"k":0,"ix":5},"nm":"Transform"}],"nm":"Group 1","np":0,"cix":2,"bm":0,"ix":2,"mn":"ADBE Vector Group","hd":false},{"ty":"fl","c":{"a":0,"k":[0.95294123888,0.95294123888,0.956862807274,1],"ix":4},"o":{"a":0,"k":100,"ix":5},"r":1,"bm":0,"nm":"Fill 1","mn":"ADBE Vector Graphic - Fill","hd":false},{"ty":"tr","p":{"a":0,"k":[16.355,4.825],"ix":2},"a":{"a":0,"k":[0,0],"ix":1},"s":{"a":0,"k":[100,100],"ix":3},"r":{"a":0,"k":0,"ix":6},"o":{"a":0,"k":100,"ix":7},"sk":{"a":0,"k":0,"ix":4},"sa":{"a":0,"k":0,"ix":5},"nm":"Transform"}],"nm":"Group 1","np":3,"cix":2,"bm":0,"ix":1,"mn":"ADBE Vector Group","hd":false}],"ip":18.4,"op":901.5,"st":18.4,"bm":0},{"ddd":0,"ind":13,"ty":4,"nm":"right 2","td":1,"sr":1,"ks":{"o":{"a":0,"k":100,"ix":11},"r":{"a":0,"k":0,"ix":10},"p":{"s":true,"x":{"a":1,"k":[{"i":{"x":[0.09],"y":[1.547]},"o":{"x":[0.252],"y":[0.036]},"t":14.803,"s":[924.072]},{"t":43.6015625,"s":[819.072]}],"ix":3},"y":{"a":1,"k":[{"i":{"x":[0.979],"y":[1]},"o":{"x":[0.021],"y":[0]},"t":14.803,"s":[630.541]},{"t":43.6015625,"s":[630.541]}],"ix":4}},"a":{"a":0,"k":[9.53,4.575,0],"ix":1},"s":{"a":0,"k":[896,896,100],"ix":6}},"ao":0,"shapes":[{"ty":"gr","it":[{"ty":"gr","it":[{"ind":0,"ty":"sh","ix":1,"ks":{"a":1,"k":[{"i":{"x":0.204,"y":1},"o":{"x":0.333,"y":0},"t":10,"s":[{"i":[[0,0],[0,0],[0,0],[0,0]],"o":[[0,0],[0,0],[0,0],[0,0]],"v":[[-9.53,4.575],[-9.534,4.582],[-9.534,-4.568],[-9.53,-4.575]],"c":true}]},{"t":43.6015625,"s":[{"i":[[0,0],[0,0],[0,0],[0,0]],"o":[[0,0],[0,0],[0,0],[0,0]],"v":[[-9.53,4.575],[9.53,4.575],[9.53,-4.575],[-9.53,-4.575]],"c":true}]}],"ix":2},"nm":"Path 3","mn":"ADBE Vector Shape - Group","hd":false},{"ty":"tr","p":{"a":0,"k":[0,0],"ix":2},"a":{"a":0,"k":[0,0],"ix":1},"s":{"a":0,"k":[100,100],"ix":3},"r":{"a":0,"k":0,"ix":6},"o":{"a":0,"k":100,"ix":7},"sk":{"a":0,"k":0,"ix":4},"sa":{"a":0,"k":0,"ix":5},"nm":"Transform"}],"nm":"Group 1","np":1,"cix":2,"bm":0,"ix":1,"mn":"ADBE Vector Group","hd":false},{"ty":"fl","c":{"a":0,"k":[0.95294123888,0.95294123888,0.956862807274,1],"ix":4},"o":{"a":0,"k":100,"ix":5},"r":1,"bm":0,"nm":"Fill 1","mn":"ADBE Vector Graphic - Fill","hd":false},{"ty":"tr","p":{"a":0,"k":[9.53,4.575],"ix":2},"a":{"a":0,"k":[0,0],"ix":1},"s":{"a":0,"k":[100,100],"ix":3},"r":{"a":0,"k":0,"ix":6},"o":{"a":0,"k":100,"ix":7},"sk":{"a":0,"k":0,"ix":4},"sa":{"a":0,"k":0,"ix":5},"nm":"Transform"}],"nm":"Group 1","np":2,"cix":2,"bm":0,"ix":1,"mn":"ADBE Vector Group","hd":false}],"ip":10,"op":901.5,"st":10,"bm":0},{"ddd":0,"ind":14,"ty":4,"nm":"right","tt":1,"sr":1,"ks":{"o":{"a":0,"k":100,"ix":11},"r":{"a":0,"k":0,"ix":10},"p":{"s":true,"x":{"a":1,"k":[{"i":{"x":[0.09],"y":[1.547]},"o":{"x":[0.252],"y":[0.036]},"t":14.803,"s":[924.072]},{"t":43.6015625,"s":[819.072]}],"ix":3},"y":{"a":1,"k":[{"i":{"x":[0.979],"y":[1]},"o":{"x":[0.021],"y":[0]},"t":14.803,"s":[630.541]},{"t":43.6015625,"s":[630.541]}],"ix":4}},"a":{"a":0,"k":[9.53,4.575,0],"ix":1},"s":{"a":0,"k":[896,896,100],"ix":6}},"ao":0,"shapes":[{"ty":"gr","it":[{"ind":0,"ty":"sh","ix":1,"ks":{"a":0,"k":{"i":[[-2.392,0],[0,0],[0,-2.392],[0,0],[2.391,0],[0,0],[0,2.392],[0,0]],"o":[[0,0],[2.391,0],[0,0],[0,2.392],[0,0],[-2.392,0],[0,0],[0,-2.392]],"v":[[-5.2,-4.574],[5.2,-4.574],[9.53,-0.244],[9.53,0.245],[5.2,4.574],[-5.2,4.574],[-9.53,0.245],[-9.53,-0.244]],"c":true},"ix":2},"nm":"Path 1","mn":"ADBE Vector Shape - Group","hd":false},{"ty":"fl","c":{"a":0,"k":[0.95294123888,0.95294123888,0.956862807274,1],"ix":4},"o":{"a":0,"k":100,"ix":5},"r":1,"bm":0,"nm":"Fill 1","mn":"ADBE Vector Graphic - Fill","hd":false},{"ty":"tr","p":{"a":0,"k":[9.53,4.575],"ix":2},"a":{"a":0,"k":[0,0],"ix":1},"s":{"a":0,"k":[100,100],"ix":3},"r":{"a":0,"k":0,"ix":6},"o":{"a":0,"k":100,"ix":7},"sk":{"a":0,"k":0,"ix":4},"sa":{"a":0,"k":0,"ix":5},"nm":"Transform"}],"nm":"Group 1","np":2,"cix":2,"bm":0,"ix":1,"mn":"ADBE Vector Group","hd":false}],"ip":10,"op":901.5,"st":10,"bm":0},{"ddd":0,"ind":15,"ty":4,"nm":"bottom 2","td":1,"sr":1,"ks":{"o":{"a":0,"k":100,"ix":11},"r":{"a":0,"k":0,"ix":10},"p":{"s":true,"x":{"a":1,"k":[{"i":{"x":[0.09],"y":[1.495]},"o":{"x":[0.26],"y":[-0.05]},"t":4.803,"s":[604.334]},{"t":33.6015625,"s":[499.334]}],"ix":3},"y":{"a":1,"k":[{"i":{"x":[0.979],"y":[1]},"o":{"x":[0.021],"y":[0]},"t":4.803,"s":[878.733]},{"t":33.6015625,"s":[878.733]}],"ix":4}},"a":{"a":0,"k":[10.075,5.245,0],"ix":1},"s":{"a":0,"k":[896,896,100],"ix":6}},"ao":0,"shapes":[{"ty":"gr","it":[{"ty":"gr","it":[{"ind":0,"ty":"sh","ix":1,"ks":{"a":1,"k":[{"i":{"x":0.204,"y":1},"o":{"x":0.333,"y":0},"t":0,"s":[{"i":[[0,0],[0,0],[0,0],[0,0]],"o":[[0,0],[0,0],[0,0],[0,0]],"v":[[-10.075,5.245],[-10.081,5.256],[-10.081,-5.234],[-10.075,-5.245]],"c":true}]},{"t":33.6015625,"s":[{"i":[[0,0],[0,0],[0,0],[0,0]],"o":[[0,0],[0,0],[0,0],[0,0]],"v":[[-10.075,5.245],[10.075,5.245],[10.075,-5.245],[-10.075,-5.245]],"c":true}]}],"ix":2},"nm":"Path 3","mn":"ADBE Vector Shape - Group","hd":false},{"ty":"tr","p":{"a":0,"k":[0,0],"ix":2},"a":{"a":0,"k":[0,0],"ix":1},"s":{"a":0,"k":[100,100],"ix":3},"r":{"a":0,"k":0,"ix":6},"o":{"a":0,"k":100,"ix":7},"sk":{"a":0,"k":0,"ix":4},"sa":{"a":0,"k":0,"ix":5},"nm":"Transform"}],"nm":"Group 1","np":1,"cix":2,"bm":0,"ix":1,"mn":"ADBE Vector Group","hd":false},{"ty":"fl","c":{"a":0,"k":[0.95294123888,0.95294123888,0.956862807274,1],"ix":4},"o":{"a":0,"k":100,"ix":5},"r":1,"bm":0,"nm":"Fill 1","mn":"ADBE Vector Graphic - Fill","hd":false},{"ty":"tr","p":{"a":0,"k":[10.075,5.245],"ix":2},"a":{"a":0,"k":[0,0],"ix":1},"s":{"a":0,"k":[100,100],"ix":3},"r":{"a":0,"k":0,"ix":6},"o":{"a":0,"k":100,"ix":7},"sk":{"a":0,"k":0,"ix":4},"sa":{"a":0,"k":0,"ix":5},"nm":"Transform"}],"nm":"Group 1","np":2,"cix":2,"bm":0,"ix":1,"mn":"ADBE Vector Group","hd":false}],"ip":0,"op":901.5,"st":0,"bm":0},{"ddd":0,"ind":16,"ty":4,"nm":"bottom","tt":1,"sr":1,"ks":{"o":{"a":0,"k":100,"ix":11},"r":{"a":0,"k":0,"ix":10},"p":{"s":true,"x":{"a":1,"k":[{"i":{"x":[0.09],"y":[1.495]},"o":{"x":[0.26],"y":[-0.05]},"t":4.803,"s":[604.334]},{"t":33.6015625,"s":[499.334]}],"ix":3},"y":{"a":1,"k":[{"i":{"x":[0.979],"y":[1]},"o":{"x":[0.021],"y":[0]},"t":4.803,"s":[878.733]},{"t":33.6015625,"s":[878.733]}],"ix":4}},"a":{"a":0,"k":[10.075,5.245,0],"ix":1},"s":{"a":0,"k":[896,896,100],"ix":6}},"ao":0,"shapes":[{"ty":"gr","it":[{"ind":0,"ty":"sh","ix":1,"ks":{"a":0,"k":{"i":[[-2.739,0],[0,0],[0,-2.739],[0,0],[2.739,0],[0,0],[0,2.74],[0,0]],"o":[[0,0],[2.739,0],[0,0],[0,2.74],[0,0],[-2.739,0],[0,0],[0,-2.739]],"v":[[-5.115,-5.245],[5.115,-5.245],[10.075,-0.285],[10.075,0.285],[5.115,5.245],[-5.115,5.245],[-10.075,0.285],[-10.075,-0.285]],"c":true},"ix":2},"nm":"Path 1","mn":"ADBE Vector Shape - Group","hd":false},{"ty":"fl","c":{"a":0,"k":[0.95294123888,0.95294123888,0.956862807274,1],"ix":4},"o":{"a":0,"k":100,"ix":5},"r":1,"bm":0,"nm":"Fill 1","mn":"ADBE Vector Graphic - Fill","hd":false},{"ty":"tr","p":{"a":0,"k":[10.075,5.245],"ix":2},"a":{"a":0,"k":[0,0],"ix":1},"s":{"a":0,"k":[100,100],"ix":3},"r":{"a":0,"k":0,"ix":6},"o":{"a":0,"k":100,"ix":7},"sk":{"a":0,"k":0,"ix":4},"sa":{"a":0,"k":0,"ix":5},"nm":"Transform"}],"nm":"Group 1","np":2,"cix":2,"bm":0,"ix":1,"mn":"ADBE Vector Group","hd":false}],"ip":0,"op":901.5,"st":0,"bm":0},{"ddd":0,"ind":17,"ty":0,"nm":"conus","refId":"comp_0","sr":1,"ks":{"o":{"a":0,"k":100,"ix":11},"r":{"a":1,"k":[{"i":{"x":[0],"y":[1.387]},"o":{"x":[0.537],"y":[-0.029]},"t":0,"s":[-74.832]},{"t":43.19921875,"s":[0]}],"ix":10},"p":{"a":0,"k":[181,837,0],"ix":2},"a":{"a":0,"k":[181,837,0],"ix":1},"s":{"a":1,"k":[{"i":{"x":[0,0,0.667],"y":[1.28,1.28,1]},"o":{"x":[0.537,0.537,0.333],"y":[-0.027,-0.027,0]},"t":0,"s":[0,0,100]},{"t":43.19921875,"s":[100,100,100]}],"ix":6}},"ao":0,"w":1000,"h":1000,"ip":0,"op":902.4,"st":0,"bm":0},{"ddd":0,"ind":18,"ty":4,"nm":"left 2","td":1,"sr":1,"ks":{"o":{"a":0,"k":100,"ix":11},"r":{"a":0,"k":0,"ix":10},"p":{"s":true,"x":{"a":1,"k":[{"i":{"x":[0.089],"y":[1.886]},"o":{"x":[0.303],"y":[-0.097]},"t":27.603,"s":[180.245]},{"t":56.4015625,"s":[75.245]}],"ix":3},"y":{"a":1,"k":[{"i":{"x":[0.979],"y":[1]},"o":{"x":[0.021],"y":[0]},"t":27.603,"s":[535.475]},{"t":56.4015625,"s":[535.475]}],"ix":4}},"a":{"a":0,"k":[-0.086,5.245,0],"ix":1},"s":{"a":0,"k":[896,896,100],"ix":6}},"ao":0,"shapes":[{"ty":"gr","it":[{"ty":"gr","it":[{"ind":0,"ty":"sh","ix":1,"ks":{"a":1,"k":[{"i":{"x":0.204,"y":1},"o":{"x":0.333,"y":0},"t":22.8,"s":[{"i":[[0,0],[0,0],[0,0],[0,0]],"o":[[0,0],[0,0],[0,0],[0,0]],"v":[[-6.61,5.245],[-6.608,5.244],[-6.608,-5.246],[-6.61,-5.245]],"c":true}]},{"t":56.4015625,"s":[{"i":[[0,0],[0,0],[0,0],[0,0]],"o":[[0,0],[0,0],[0,0],[0,0]],"v":[[-6.61,5.245],[6.61,5.245],[6.61,-5.245],[-6.61,-5.245]],"c":true}]}],"ix":2},"nm":"Path 3","mn":"ADBE Vector Shape - Group","hd":false},{"ty":"tr","p":{"a":0,"k":[0,0],"ix":2},"a":{"a":0,"k":[0,0],"ix":1},"s":{"a":0,"k":[100,100],"ix":3},"r":{"a":0,"k":0,"ix":6},"o":{"a":0,"k":100,"ix":7},"sk":{"a":0,"k":0,"ix":4},"sa":{"a":0,"k":0,"ix":5},"nm":"Transform"}],"nm":"Group 1","np":1,"cix":2,"bm":0,"ix":1,"mn":"ADBE Vector Group","hd":false},{"ty":"fl","c":{"a":0,"k":[0.95294123888,0.95294123888,0.956862807274,1],"ix":4},"o":{"a":0,"k":100,"ix":5},"r":1,"bm":0,"nm":"Fill 1","mn":"ADBE Vector Graphic - Fill","hd":false},{"ty":"tr","p":{"a":0,"k":[-0.198,5.133],"ix":2},"a":{"a":0,"k":[-6.808,-0.112],"ix":1},"s":{"a":0,"k":[100,100],"ix":3},"r":{"a":0,"k":0,"ix":6},"o":{"a":0,"k":100,"ix":7},"sk":{"a":0,"k":0,"ix":4},"sa":{"a":0,"k":0,"ix":5},"nm":"Transform"}],"nm":"Group 1","np":2,"cix":2,"bm":0,"ix":1,"mn":"ADBE Vector Group","hd":false}],"ip":22.8,"op":901.5,"st":22.8,"bm":0},{"ddd":0,"ind":19,"ty":4,"nm":"left","tt":1,"sr":1,"ks":{"o":{"a":0,"k":100,"ix":11},"r":{"a":0,"k":0,"ix":10},"p":{"s":true,"x":{"a":1,"k":[{"i":{"x":[0.089],"y":[1.886]},"o":{"x":[0.303],"y":[-0.097]},"t":27.603,"s":[180.245]},{"t":56.4015625,"s":[75.245]}],"ix":3},"y":{"a":1,"k":[{"i":{"x":[0.979],"y":[1]},"o":{"x":[0.021],"y":[0]},"t":27.603,"s":[535.475]},{"t":56.4015625,"s":[535.475]}],"ix":4}},"a":{"a":0,"k":[-0.086,5.245,0],"ix":1},"s":{"a":0,"k":[896,896,100],"ix":6}},"ao":0,"shapes":[{"ty":"gr","it":[{"ind":0,"ty":"sh","ix":1,"ks":{"a":0,"k":{"i":[[-2.739,0],[0,0],[0,-2.739],[0,0],[2.74,0],[0,0],[0,2.74],[0,0]],"o":[[0,0],[2.74,0],[0,0],[0,2.74],[0,0],[-2.739,0],[0,0],[0,-2.739]],"v":[[-1.65,-5.245],[1.65,-5.245],[6.61,-0.285],[6.61,0.285],[1.65,5.245],[-1.65,5.245],[-6.61,0.285],[-6.61,-0.285]],"c":true},"ix":2},"nm":"Path 1","mn":"ADBE Vector Shape - Group","hd":false},{"ty":"fl","c":{"a":0,"k":[0.95294123888,0.95294123888,0.956862807274,1],"ix":4},"o":{"a":0,"k":100,"ix":5},"r":1,"bm":0,"nm":"Fill 1","mn":"ADBE Vector Graphic - Fill","hd":false},{"ty":"tr","p":{"a":0,"k":[-0.198,5.133],"ix":2},"a":{"a":0,"k":[-6.808,-0.112],"ix":1},"s":{"a":0,"k":[100,100],"ix":3},"r":{"a":0,"k":0,"ix":6},"o":{"a":0,"k":100,"ix":7},"sk":{"a":0,"k":0,"ix":4},"sa":{"a":0,"k":0,"ix":5},"nm":"Transform"}],"nm":"Group 1","np":2,"cix":2,"bm":0,"ix":1,"mn":"ADBE Vector Group","hd":false}],"ip":22.8,"op":901.5,"st":22.8,"bm":0},{"ddd":0,"ind":20,"ty":1,"nm":"White Solid 2","sr":1,"ks":{"o":{"a":0,"k":100,"ix":11},"r":{"a":0,"k":0,"ix":10},"p":{"a":0,"k":[500,500,0],"ix":2},"a":{"a":0,"k":[500,500,0],"ix":1},"s":{"a":0,"k":[100,100,100],"ix":6}},"ao":0,"sw":1000,"sh":1000,"sc":"#ffffff","ip":0,"op":901.5,"st":0,"bm":0}],"markers":[]}